{
  "project_info": {
    "project_number": "456436041780",
    "project_id": "fablab-ort",
    "storage_bucket": "fablab-ort.appspot.com"
  },
  "client": [
    {
      "client_info": {
        "mobilesdk_app_id": "1:456436041780:android:0f0d5bf863376bbc0be261",
        "android_client_info": {
          "package_name": "com.ort.atividades"
        }
      },
      "oauth_client": [
        {
          "client_id": "456436041780-ok1ma4mr53v6gq6dgqh73vah0piuseb1.apps.googleusercontent.com",
          "client_type": 3
        }
      ],
      "api_key": [
        {
          "current_key": "AIzaSyDzChGhnWXgamQ65zF_D5xBpMNgaAcAw3o"
        }
      ],
      "services": {
        "appinvite_service": {
          "other_platform_oauth_client": [
            {
              "client_id": "456436041780-ok1ma4mr53v6gq6dgqh73vah0piuseb1.apps.googleusercontent.com",
              "client_type": 3
            }
          ]
        }
      }
    }
  ],
  "configuration_version": "1"
}